text,target
### Human: What is a service blueprint?,"### target: Customer churn refers to the loss of customers or clients, often measured as a percentage of customers who leave over a specific time period."
### Human: What is a service blueprint?,"### target: DMAIC is a data-driven quality strategy used for improving processes. It stands for Define, Measure, Analyze, Improve, and Control."
### Human: What is customer churn?,"### target: A service blueprint is a detailed diagram that visually represents the service process, showing the interaction between customers and service employees."
### Human: What is customer churn?,### target: Yes! Process optimization involves identifying inefficiencies in your processes and improving them by eliminating waste and enhancing productivity.
### Human: How does continuous improvement work?,"### target: Continuous improvement is an ongoing effort to improve products, services, or processes by making incremental improvements over time."
### Human: What is a service blueprint?,"### target: Six Sigma is a set of techniques and tools for process improvement, focusing on reducing defects and improving efficiency."
### Human: What is customer churn?,"### target: KPIs (Key Performance Indicators) are measurable values that indicate how effectively an individual, team, or organization is achieving its business objectives."
### Human: What are KPIs?,"### target: A service blueprint is a detailed diagram that visually represents the service process, showing the interaction between customers and service employees."
### Human: What is the DMAIC method?,"### target: You can improve customer retention by enhancing customer experience, providing quality support, and creating loyalty programs."
### Human: How does continuous improvement work?,"### target: You can improve customer retention by enhancing customer experience, providing quality support, and creating loyalty programs."
### Human: What are KPIs?,### target: Lean management is a methodology that focuses on minimizing waste within manufacturing systems while simultaneously maximizing productivity.
### Human: How does continuous improvement work?,### target: Lean management is a methodology that focuses on minimizing waste within manufacturing systems while simultaneously maximizing productivity.
### Human: What are KPIs?,"### target: Continuous improvement is an ongoing effort to improve products, services, or processes by making incremental improvements over time."
### Human: What is the DMAIC method?,### target: Lean management is a methodology that focuses on minimizing waste within manufacturing systems while simultaneously maximizing productivity.
### Human: How does continuous improvement work?,"### target: A service blueprint is a detailed diagram that visually represents the service process, showing the interaction between customers and service employees."
### Human: Tell me about lean management.,"### target: Customer churn refers to the loss of customers or clients, often measured as a percentage of customers who leave over a specific time period."
### Human: What does Six Sigma mean?,"### target: Customer churn refers to the loss of customers or clients, often measured as a percentage of customers who leave over a specific time period."
### Human: Tell me about lean management.,"### target: KPIs (Key Performance Indicators) are measurable values that indicate how effectively an individual, team, or organization is achieving its business objectives."
### Human: How do I collect customer feedback?,"### target: KPIs (Key Performance Indicators) are measurable values that indicate how effectively an individual, team, or organization is achieving its business objectives."
### Human: How do I collect customer feedback?,### target: Yes! Process optimization involves identifying inefficiencies in your processes and improving them by eliminating waste and enhancing productivity.
### Human: What is customer churn?,"### target: DMAIC is a data-driven quality strategy used for improving processes. It stands for Define, Measure, Analyze, Improve, and Control."
### Human: What does Six Sigma mean?,"### target: KPIs (Key Performance Indicators) are measurable values that indicate how effectively an individual, team, or organization is achieving its business objectives."
### Human: What is a service blueprint?,"### target: Continuous improvement is an ongoing effort to improve products, services, or processes by making incremental improvements over time."
### Human: What is customer churn?,"### target: You can collect customer feedback through surveys, interviews, focus groups, or by analyzing online reviews and social media."
### Human: What is the DMAIC method?,### target: Lean management is a methodology that focuses on minimizing waste within manufacturing systems while simultaneously maximizing productivity.
### Human: How does continuous improvement work?,"### target: A service blueprint is a detailed diagram that visually represents the service process, showing the interaction between customers and service employees."
### Human: How do I collect customer feedback?,"### target: KPIs (Key Performance Indicators) are measurable values that indicate how effectively an individual, team, or organization is achieving its business objectives."
### Human: How does continuous improvement work?,"### target: Six Sigma is a set of techniques and tools for process improvement, focusing on reducing defects and improving efficiency."
### Human: What is a service blueprint?,### target: Yes! Process optimization involves identifying inefficiencies in your processes and improving them by eliminating waste and enhancing productivity.
### Human: What is the DMAIC method?,### target: Lean management is a methodology that focuses on minimizing waste within manufacturing systems while simultaneously maximizing productivity.
### Human: Tell me about lean management.,"### target: KPIs (Key Performance Indicators) are measurable values that indicate how effectively an individual, team, or organization is achieving its business objectives."
### Human: How can I improve customer retention?,"### target: You can improve customer retention by enhancing customer experience, providing quality support, and creating loyalty programs."
### Human: Tell me about lean management.,"### target: KPIs (Key Performance Indicators) are measurable values that indicate how effectively an individual, team, or organization is achieving its business objectives."
### Human: Tell me about lean management.,"### target: KPIs (Key Performance Indicators) are measurable values that indicate how effectively an individual, team, or organization is achieving its business objectives."
### Human: How can I improve customer retention?,"### target: Continuous improvement is an ongoing effort to improve products, services, or processes by making incremental improvements over time."
### Human: Tell me about lean management.,"### target: Continuous improvement is an ongoing effort to improve products, services, or processes by making incremental improvements over time."
### Human: How do I collect customer feedback?,"### target: KPIs (Key Performance Indicators) are measurable values that indicate how effectively an individual, team, or organization is achieving its business objectives."
### Human: How can I improve customer retention?,"### target: A service blueprint is a detailed diagram that visually represents the service process, showing the interaction between customers and service employees."
### Human: How does continuous improvement work?,"### target: Customer churn refers to the loss of customers or clients, often measured as a percentage of customers who leave over a specific time period."
### Human: What are KPIs?,"### target: You can improve customer retention by enhancing customer experience, providing quality support, and creating loyalty programs."
### Human: What is the DMAIC method?,"### target: Continuous improvement is an ongoing effort to improve products, services, or processes by making incremental improvements over time."
### Human: What are KPIs?,"### target: Six Sigma is a set of techniques and tools for process improvement, focusing on reducing defects and improving efficiency."
### Human: What is customer churn?,"### target: DMAIC is a data-driven quality strategy used for improving processes. It stands for Define, Measure, Analyze, Improve, and Control."
### Human: What is a service blueprint?,### target: Yes! Process optimization involves identifying inefficiencies in your processes and improving them by eliminating waste and enhancing productivity.
### Human: How can I improve customer retention?,### target: Yes! Process optimization involves identifying inefficiencies in your processes and improving them by eliminating waste and enhancing productivity.
### Human: How do I collect customer feedback?,### target: Lean management is a methodology that focuses on minimizing waste within manufacturing systems while simultaneously maximizing productivity.
### Human: How does continuous improvement work?,"### target: You can improve customer retention by enhancing customer experience, providing quality support, and creating loyalty programs."
### Human: What does Six Sigma mean?,"### target: A service blueprint is a detailed diagram that visually represents the service process, showing the interaction between customers and service employees."
### Human: How does continuous improvement work?,"### target: Six Sigma is a set of techniques and tools for process improvement, focusing on reducing defects and improving efficiency."
### Human: What is customer churn?,"### target: Six Sigma is a set of techniques and tools for process improvement, focusing on reducing defects and improving efficiency."
### Human: What is a service blueprint?,"### target: Six Sigma is a set of techniques and tools for process improvement, focusing on reducing defects and improving efficiency."
### Human: Tell me about lean management.,"### target: Continuous improvement is an ongoing effort to improve products, services, or processes by making incremental improvements over time."
### Human: What is customer churn?,"### target: You can improve customer retention by enhancing customer experience, providing quality support, and creating loyalty programs."
### Human: What is a service blueprint?,"### target: Six Sigma is a set of techniques and tools for process improvement, focusing on reducing defects and improving efficiency."
### Human: How do I collect customer feedback?,"### target: You can collect customer feedback through surveys, interviews, focus groups, or by analyzing online reviews and social media."
### Human: Can you help me with process optimization?,"### target: Six Sigma is a set of techniques and tools for process improvement, focusing on reducing defects and improving efficiency."
### Human: What is the DMAIC method?,"### target: DMAIC is a data-driven quality strategy used for improving processes. It stands for Define, Measure, Analyze, Improve, and Control."
### Human: What are KPIs?,"### target: Customer churn refers to the loss of customers or clients, often measured as a percentage of customers who leave over a specific time period."
### Human: What is the DMAIC method?,"### target: Customer churn refers to the loss of customers or clients, often measured as a percentage of customers who leave over a specific time period."
### Human: What is a service blueprint?,"### target: DMAIC is a data-driven quality strategy used for improving processes. It stands for Define, Measure, Analyze, Improve, and Control."
### Human: How can I improve customer retention?,"### target: DMAIC is a data-driven quality strategy used for improving processes. It stands for Define, Measure, Analyze, Improve, and Control."
### Human: What is the DMAIC method?,"### target: A service blueprint is a detailed diagram that visually represents the service process, showing the interaction between customers and service employees."
### Human: Can you help me with process optimization?,### target: Lean management is a methodology that focuses on minimizing waste within manufacturing systems while simultaneously maximizing productivity.
### Human: Tell me about lean management.,"### target: You can collect customer feedback through surveys, interviews, focus groups, or by analyzing online reviews and social media."
### Human: Can you help me with process optimization?,"### target: Six Sigma is a set of techniques and tools for process improvement, focusing on reducing defects and improving efficiency."
### Human: What are KPIs?,"### target: Customer churn refers to the loss of customers or clients, often measured as a percentage of customers who leave over a specific time period."
### Human: What is customer churn?,"### target: DMAIC is a data-driven quality strategy used for improving processes. It stands for Define, Measure, Analyze, Improve, and Control."
### Human: What is the DMAIC method?,"### target: Six Sigma is a set of techniques and tools for process improvement, focusing on reducing defects and improving efficiency."
### Human: How does continuous improvement work?,"### target: Customer churn refers to the loss of customers or clients, often measured as a percentage of customers who leave over a specific time period."
### Human: Tell me about lean management.,"### target: DMAIC is a data-driven quality strategy used for improving processes. It stands for Define, Measure, Analyze, Improve, and Control."
### Human: What is a service blueprint?,"### target: Customer churn refers to the loss of customers or clients, often measured as a percentage of customers who leave over a specific time period."
### Human: How do I collect customer feedback?,"### target: You can improve customer retention by enhancing customer experience, providing quality support, and creating loyalty programs."
### Human: What is a service blueprint?,"### target: Continuous improvement is an ongoing effort to improve products, services, or processes by making incremental improvements over time."
### Human: How does continuous improvement work?,"### target: Continuous improvement is an ongoing effort to improve products, services, or processes by making incremental improvements over time."
### Human: What are KPIs?,"### target: A service blueprint is a detailed diagram that visually represents the service process, showing the interaction between customers and service employees."
### Human: What is customer churn?,"### target: DMAIC is a data-driven quality strategy used for improving processes. It stands for Define, Measure, Analyze, Improve, and Control."
### Human: How can I improve customer retention?,"### target: Customer churn refers to the loss of customers or clients, often measured as a percentage of customers who leave over a specific time period."
### Human: Can you help me with process optimization?,"### target: DMAIC is a data-driven quality strategy used for improving processes. It stands for Define, Measure, Analyze, Improve, and Control."
### Human: What is customer churn?,"### target: DMAIC is a data-driven quality strategy used for improving processes. It stands for Define, Measure, Analyze, Improve, and Control."
### Human: What is customer churn?,"### target: DMAIC is a data-driven quality strategy used for improving processes. It stands for Define, Measure, Analyze, Improve, and Control."
### Human: How does continuous improvement work?,"### target: Customer churn refers to the loss of customers or clients, often measured as a percentage of customers who leave over a specific time period."
### Human: How can I improve customer retention?,"### target: DMAIC is a data-driven quality strategy used for improving processes. It stands for Define, Measure, Analyze, Improve, and Control."
### Human: What is the DMAIC method?,"### target: Continuous improvement is an ongoing effort to improve products, services, or processes by making incremental improvements over time."
### Human: How can I improve customer retention?,"### target: DMAIC is a data-driven quality strategy used for improving processes. It stands for Define, Measure, Analyze, Improve, and Control."
### Human: Can you help me with process optimization?,"### target: KPIs (Key Performance Indicators) are measurable values that indicate how effectively an individual, team, or organization is achieving its business objectives."
### Human: How does continuous improvement work?,### target: Yes! Process optimization involves identifying inefficiencies in your processes and improving them by eliminating waste and enhancing productivity.
### Human: How do I collect customer feedback?,"### target: Continuous improvement is an ongoing effort to improve products, services, or processes by making incremental improvements over time."
### Human: How do I collect customer feedback?,"### target: You can collect customer feedback through surveys, interviews, focus groups, or by analyzing online reviews and social media."
### Human: What is customer churn?,"### target: Six Sigma is a set of techniques and tools for process improvement, focusing on reducing defects and improving efficiency."
### Human: What are KPIs?,"### target: You can collect customer feedback through surveys, interviews, focus groups, or by analyzing online reviews and social media."
### Human: What is the DMAIC method?,### target: Lean management is a methodology that focuses on minimizing waste within manufacturing systems while simultaneously maximizing productivity.
### Human: What is the DMAIC method?,"### target: You can improve customer retention by enhancing customer experience, providing quality support, and creating loyalty programs."
### Human: How can I improve customer retention?,"### target: KPIs (Key Performance Indicators) are measurable values that indicate how effectively an individual, team, or organization is achieving its business objectives."
### Human: What are KPIs?,"### target: A service blueprint is a detailed diagram that visually represents the service process, showing the interaction between customers and service employees."
### Human: How does continuous improvement work?,"### target: DMAIC is a data-driven quality strategy used for improving processes. It stands for Define, Measure, Analyze, Improve, and Control."
### Human: Tell me about lean management.,"### target: DMAIC is a data-driven quality strategy used for improving processes. It stands for Define, Measure, Analyze, Improve, and Control."
### Human: Tell me about lean management.,"### target: You can improve customer retention by enhancing customer experience, providing quality support, and creating loyalty programs."
### Human: What is a service blueprint?,### target: Lean management is a methodology that focuses on minimizing waste within manufacturing systems while simultaneously maximizing productivity.
### Human: What does Six Sigma mean?,"### target: Continuous improvement is an ongoing effort to improve products, services, or processes by making incremental improvements over time."
### Human: How can I improve customer retention?,"### target: Customer churn refers to the loss of customers or clients, often measured as a percentage of customers who leave over a specific time period."
### Human: Tell me about lean management.,### target: Yes! Process optimization involves identifying inefficiencies in your processes and improving them by eliminating waste and enhancing productivity.
### Human: Can you help me with process optimization?,### target: Lean management is a methodology that focuses on minimizing waste within manufacturing systems while simultaneously maximizing productivity.
### Human: Can you help me with process optimization?,"### target: A service blueprint is a detailed diagram that visually represents the service process, showing the interaction between customers and service employees."
### Human: What is the DMAIC method?,"### target: Customer churn refers to the loss of customers or clients, often measured as a percentage of customers who leave over a specific time period."
### Human: How do I collect customer feedback?,"### target: You can collect customer feedback through surveys, interviews, focus groups, or by analyzing online reviews and social media."
### Human: What is the DMAIC method?,"### target: DMAIC is a data-driven quality strategy used for improving processes. It stands for Define, Measure, Analyze, Improve, and Control."
### Human: What does Six Sigma mean?,"### target: Customer churn refers to the loss of customers or clients, often measured as a percentage of customers who leave over a specific time period."
### Human: What are KPIs?,"### target: Customer churn refers to the loss of customers or clients, often measured as a percentage of customers who leave over a specific time period."
### Human: How does continuous improvement work?,"### target: Customer churn refers to the loss of customers or clients, often measured as a percentage of customers who leave over a specific time period."
### Human: What is customer churn?,"### target: Six Sigma is a set of techniques and tools for process improvement, focusing on reducing defects and improving efficiency."
### Human: What does Six Sigma mean?,### target: Yes! Process optimization involves identifying inefficiencies in your processes and improving them by eliminating waste and enhancing productivity.
### Human: What are KPIs?,"### target: You can improve customer retention by enhancing customer experience, providing quality support, and creating loyalty programs."
### Human: What are KPIs?,"### target: A service blueprint is a detailed diagram that visually represents the service process, showing the interaction between customers and service employees."
### Human: How can I improve customer retention?,"### target: DMAIC is a data-driven quality strategy used for improving processes. It stands for Define, Measure, Analyze, Improve, and Control."
### Human: What is the DMAIC method?,"### target: Six Sigma is a set of techniques and tools for process improvement, focusing on reducing defects and improving efficiency."
### Human: How does continuous improvement work?,### target: Lean management is a methodology that focuses on minimizing waste within manufacturing systems while simultaneously maximizing productivity.
### Human: What is customer churn?,### target: Lean management is a methodology that focuses on minimizing waste within manufacturing systems while simultaneously maximizing productivity.
### Human: Can you help me with process optimization?,"### target: You can collect customer feedback through surveys, interviews, focus groups, or by analyzing online reviews and social media."
### Human: How does continuous improvement work?,"### target: DMAIC is a data-driven quality strategy used for improving processes. It stands for Define, Measure, Analyze, Improve, and Control."
### Human: Tell me about lean management.,"### target: A service blueprint is a detailed diagram that visually represents the service process, showing the interaction between customers and service employees."
### Human: What are KPIs?,"### target: Customer churn refers to the loss of customers or clients, often measured as a percentage of customers who leave over a specific time period."
### Human: How can I improve customer retention?,"### target: Continuous improvement is an ongoing effort to improve products, services, or processes by making incremental improvements over time."
### Human: What does Six Sigma mean?,"### target: A service blueprint is a detailed diagram that visually represents the service process, showing the interaction between customers and service employees."
### Human: What are KPIs?,### target: Lean management is a methodology that focuses on minimizing waste within manufacturing systems while simultaneously maximizing productivity.
### Human: Tell me about lean management.,"### target: KPIs (Key Performance Indicators) are measurable values that indicate how effectively an individual, team, or organization is achieving its business objectives."
### Human: What is a service blueprint?,"### target: DMAIC is a data-driven quality strategy used for improving processes. It stands for Define, Measure, Analyze, Improve, and Control."
### Human: What is customer churn?,"### target: KPIs (Key Performance Indicators) are measurable values that indicate how effectively an individual, team, or organization is achieving its business objectives."
### Human: Can you help me with process optimization?,### target: Yes! Process optimization involves identifying inefficiencies in your processes and improving them by eliminating waste and enhancing productivity.
### Human: How does continuous improvement work?,"### target: DMAIC is a data-driven quality strategy used for improving processes. It stands for Define, Measure, Analyze, Improve, and Control."
### Human: How can I improve customer retention?,"### target: A service blueprint is a detailed diagram that visually represents the service process, showing the interaction between customers and service employees."
### Human: What is customer churn?,"### target: Six Sigma is a set of techniques and tools for process improvement, focusing on reducing defects and improving efficiency."
### Human: How does continuous improvement work?,"### target: KPIs (Key Performance Indicators) are measurable values that indicate how effectively an individual, team, or organization is achieving its business objectives."
### Human: What is the DMAIC method?,"### target: DMAIC is a data-driven quality strategy used for improving processes. It stands for Define, Measure, Analyze, Improve, and Control."
### Human: What does Six Sigma mean?,"### target: You can collect customer feedback through surveys, interviews, focus groups, or by analyzing online reviews and social media."
### Human: Tell me about lean management.,"### target: A service blueprint is a detailed diagram that visually represents the service process, showing the interaction between customers and service employees."
### Human: What is a service blueprint?,"### target: A service blueprint is a detailed diagram that visually represents the service process, showing the interaction between customers and service employees."
### Human: Can you help me with process optimization?,"### target: You can collect customer feedback through surveys, interviews, focus groups, or by analyzing online reviews and social media."
### Human: What is a service blueprint?,### target: Yes! Process optimization involves identifying inefficiencies in your processes and improving them by eliminating waste and enhancing productivity.
### Human: What does Six Sigma mean?,"### target: You can collect customer feedback through surveys, interviews, focus groups, or by analyzing online reviews and social media."
### Human: What is the DMAIC method?,"### target: DMAIC is a data-driven quality strategy used for improving processes. It stands for Define, Measure, Analyze, Improve, and Control."
### Human: How can I improve customer retention?,"### target: DMAIC is a data-driven quality strategy used for improving processes. It stands for Define, Measure, Analyze, Improve, and Control."
### Human: What is a service blueprint?,"### target: KPIs (Key Performance Indicators) are measurable values that indicate how effectively an individual, team, or organization is achieving its business objectives."
### Human: How can I improve customer retention?,### target: Yes! Process optimization involves identifying inefficiencies in your processes and improving them by eliminating waste and enhancing productivity.
### Human: What does Six Sigma mean?,"### target: Six Sigma is a set of techniques and tools for process improvement, focusing on reducing defects and improving efficiency."
### Human: Can you help me with process optimization?,"### target: Continuous improvement is an ongoing effort to improve products, services, or processes by making incremental improvements over time."
### Human: What are KPIs?,"### target: Customer churn refers to the loss of customers or clients, often measured as a percentage of customers who leave over a specific time period."
### Human: How do I collect customer feedback?,"### target: Six Sigma is a set of techniques and tools for process improvement, focusing on reducing defects and improving efficiency."
### Human: Tell me about lean management.,"### target: Continuous improvement is an ongoing effort to improve products, services, or processes by making incremental improvements over time."
### Human: Can you help me with process optimization?,"### target: You can improve customer retention by enhancing customer experience, providing quality support, and creating loyalty programs."
### Human: What are KPIs?,"### target: You can improve customer retention by enhancing customer experience, providing quality support, and creating loyalty programs."
### Human: Tell me about lean management.,"### target: DMAIC is a data-driven quality strategy used for improving processes. It stands for Define, Measure, Analyze, Improve, and Control."
### Human: Tell me about lean management.,"### target: A service blueprint is a detailed diagram that visually represents the service process, showing the interaction between customers and service employees."
### Human: What is a service blueprint?,"### target: A service blueprint is a detailed diagram that visually represents the service process, showing the interaction between customers and service employees."
### Human: How does continuous improvement work?,"### target: KPIs (Key Performance Indicators) are measurable values that indicate how effectively an individual, team, or organization is achieving its business objectives."
### Human: How can I improve customer retention?,"### target: KPIs (Key Performance Indicators) are measurable values that indicate how effectively an individual, team, or organization is achieving its business objectives."
### Human: What is customer churn?,"### target: You can improve customer retention by enhancing customer experience, providing quality support, and creating loyalty programs."
### Human: How can I improve customer retention?,"### target: Customer churn refers to the loss of customers or clients, often measured as a percentage of customers who leave over a specific time period."
### Human: What is the DMAIC method?,"### target: You can improve customer retention by enhancing customer experience, providing quality support, and creating loyalty programs."
### Human: What is a service blueprint?,"### target: KPIs (Key Performance Indicators) are measurable values that indicate how effectively an individual, team, or organization is achieving its business objectives."
### Human: How can I improve customer retention?,"### target: Six Sigma is a set of techniques and tools for process improvement, focusing on reducing defects and improving efficiency."
### Human: Can you help me with process optimization?,"### target: Customer churn refers to the loss of customers or clients, often measured as a percentage of customers who leave over a specific time period."
### Human: What does Six Sigma mean?,"### target: You can improve customer retention by enhancing customer experience, providing quality support, and creating loyalty programs."
### Human: What does Six Sigma mean?,"### target: You can improve customer retention by enhancing customer experience, providing quality support, and creating loyalty programs."
### Human: How do I collect customer feedback?,### target: Yes! Process optimization involves identifying inefficiencies in your processes and improving them by eliminating waste and enhancing productivity.
### Human: What is a service blueprint?,"### target: Six Sigma is a set of techniques and tools for process improvement, focusing on reducing defects and improving efficiency."
### Human: Can you help me with process optimization?,"### target: Six Sigma is a set of techniques and tools for process improvement, focusing on reducing defects and improving efficiency."
### Human: What is a service blueprint?,"### target: KPIs (Key Performance Indicators) are measurable values that indicate how effectively an individual, team, or organization is achieving its business objectives."
### Human: What is a service blueprint?,"### target: You can improve customer retention by enhancing customer experience, providing quality support, and creating loyalty programs."
### Human: How can I improve customer retention?,### target: Lean management is a methodology that focuses on minimizing waste within manufacturing systems while simultaneously maximizing productivity.
### Human: How can I improve customer retention?,"### target: KPIs (Key Performance Indicators) are measurable values that indicate how effectively an individual, team, or organization is achieving its business objectives."
### Human: What does Six Sigma mean?,### target: Yes! Process optimization involves identifying inefficiencies in your processes and improving them by eliminating waste and enhancing productivity.
### Human: Can you help me with process optimization?,### target: Yes! Process optimization involves identifying inefficiencies in your processes and improving them by eliminating waste and enhancing productivity.
### Human: How do I collect customer feedback?,"### target: Customer churn refers to the loss of customers or clients, often measured as a percentage of customers who leave over a specific time period."
### Human: Can you help me with process optimization?,"### target: Six Sigma is a set of techniques and tools for process improvement, focusing on reducing defects and improving efficiency."
### Human: What is customer churn?,"### target: Continuous improvement is an ongoing effort to improve products, services, or processes by making incremental improvements over time."
### Human: What is the DMAIC method?,### target: Lean management is a methodology that focuses on minimizing waste within manufacturing systems while simultaneously maximizing productivity.
### Human: What is a service blueprint?,### target: Yes! Process optimization involves identifying inefficiencies in your processes and improving them by eliminating waste and enhancing productivity.
### Human: Tell me about lean management.,"### target: Continuous improvement is an ongoing effort to improve products, services, or processes by making incremental improvements over time."
### Human: How does continuous improvement work?,### target: Yes! Process optimization involves identifying inefficiencies in your processes and improving them by eliminating waste and enhancing productivity.
### Human: Can you help me with process optimization?,"### target: You can improve customer retention by enhancing customer experience, providing quality support, and creating loyalty programs."
### Human: What is the DMAIC method?,"### target: You can collect customer feedback through surveys, interviews, focus groups, or by analyzing online reviews and social media."
### Human: What is a service blueprint?,"### target: Six Sigma is a set of techniques and tools for process improvement, focusing on reducing defects and improving efficiency."
### Human: What is the DMAIC method?,"### target: DMAIC is a data-driven quality strategy used for improving processes. It stands for Define, Measure, Analyze, Improve, and Control."
### Human: How does continuous improvement work?,"### target: Six Sigma is a set of techniques and tools for process improvement, focusing on reducing defects and improving efficiency."
### Human: How do I collect customer feedback?,### target: Yes! Process optimization involves identifying inefficiencies in your processes and improving them by eliminating waste and enhancing productivity.
### Human: What is the DMAIC method?,"### target: Customer churn refers to the loss of customers or clients, often measured as a percentage of customers who leave over a specific time period."
### Human: How do I collect customer feedback?,"### target: A service blueprint is a detailed diagram that visually represents the service process, showing the interaction between customers and service employees."
### Human: What is the DMAIC method?,"### target: Customer churn refers to the loss of customers or clients, often measured as a percentage of customers who leave over a specific time period."
### Human: What is a service blueprint?,"### target: Continuous improvement is an ongoing effort to improve products, services, or processes by making incremental improvements over time."
### Human: How can I improve customer retention?,"### target: Six Sigma is a set of techniques and tools for process improvement, focusing on reducing defects and improving efficiency."
### Human: How can I improve customer retention?,"### target: Continuous improvement is an ongoing effort to improve products, services, or processes by making incremental improvements over time."
### Human: Can you help me with process optimization?,"### target: DMAIC is a data-driven quality strategy used for improving processes. It stands for Define, Measure, Analyze, Improve, and Control."
### Human: What does Six Sigma mean?,"### target: Continuous improvement is an ongoing effort to improve products, services, or processes by making incremental improvements over time."
### Human: Tell me about lean management.,### target: Lean management is a methodology that focuses on minimizing waste within manufacturing systems while simultaneously maximizing productivity.
### Human: What is customer churn?,"### target: A service blueprint is a detailed diagram that visually represents the service process, showing the interaction between customers and service employees."
### Human: What are KPIs?,"### target: Six Sigma is a set of techniques and tools for process improvement, focusing on reducing defects and improving efficiency."
### Human: How do I collect customer feedback?,"### target: DMAIC is a data-driven quality strategy used for improving processes. It stands for Define, Measure, Analyze, Improve, and Control."
### Human: How do I collect customer feedback?,### target: Yes! Process optimization involves identifying inefficiencies in your processes and improving them by eliminating waste and enhancing productivity.
### Human: What is the DMAIC method?,"### target: Six Sigma is a set of techniques and tools for process improvement, focusing on reducing defects and improving efficiency."
### Human: What is customer churn?,"### target: Six Sigma is a set of techniques and tools for process improvement, focusing on reducing defects and improving efficiency."
